first_name,last_name,email,phone_number,password,avatar
Darbie,Noller,dnoller0@twitpic.com,936-805-8337,mOMcbcbi0lZ,http://dummyimage.com/191x214.png/dddddd/000000
Mattie,Meneux,mmeneux1@wiley.com,788-409-6433,hcYSE4s,http://dummyimage.com/126x148.png/ff4444/ffffff
Nadeen,Braga,nbraga2@altervista.org,755-728-2288,NPvTTwFR,http://dummyimage.com/197x188.jpg/ff4444/ffffff
Kendre,Annesley,kannesley3@disqus.com,420-523-2801,BE6DjevTZZ9A,http://dummyimage.com/234x126.png/5fa2dd/ffffff
Chaim,Caughtry,ccaughtry4@zimbio.com,243-274-0976,uv5T7AU68,http://dummyimage.com/241x104.jpg/dddddd/000000
Fredra,Han,fhan5@networkadvertising.org,405-628-1951,IjJUrqj,http://dummyimage.com/171x221.jpg/cc0000/ffffff
Emery,Elgood,eelgood6@mayoclinic.com,757-158-7223,XpK3HSTL5,http://dummyimage.com/108x167.jpg/dddddd/000000
Marabel,Moat,mmoat7@weibo.com,278-476-6419,NGW85iXrz,http://dummyimage.com/141x128.png/dddddd/000000
Briant,Keerl,bkeerl8@timesonline.co.uk,746-916-9440,sEFg8BaVO,http://dummyimage.com/189x148.png/cc0000/ffffff
Ofilia,Mardall,omardall9@parallels.com,201-675-4513,Crpo7TjY7K,http://dummyimage.com/237x225.bmp/cc0000/ffffff
Mariana,Fleet,mfleeta@topsy.com,918-566-0075,ExWHCWC6,http://dummyimage.com/155x168.bmp/5fa2dd/ffffff
Lorene,Menlove,lmenloveb@elpais.com,283-969-6656,tDlzD2vewMX,http://dummyimage.com/240x184.png/dddddd/000000
Jobyna,Kirkby,jkirkbyc@mapquest.com,658-435-7712,FYDYGP,http://dummyimage.com/149x221.png/5fa2dd/ffffff
Kessiah,Weavill,kweavilld@theguardian.com,144-228-7533,0FVkZLPq9z3,http://dummyimage.com/115x192.png/5fa2dd/ffffff
Hansiain,Hevner,hhevnere@bloglovin.com,396-270-5702,6CHLVwRl,http://dummyimage.com/178x244.bmp/dddddd/000000
Zabrina,Ondracek,zondracekf@360.cn,477-875-3743,zT8fY9l1r3,http://dummyimage.com/104x160.jpg/cc0000/ffffff
Lelah,Mangeot,lmangeotg@amazon.de,174-821-8539,TMB1waXJb,http://dummyimage.com/114x218.bmp/cc0000/ffffff
Felicle,Aust,fausth@usnews.com,337-402-0374,2RGynC0k,http://dummyimage.com/216x123.jpg/5fa2dd/ffffff
Wolfie,Monard,wmonardi@goo.ne.jp,271-952-6016,xjW1iEz7IZW,http://dummyimage.com/223x247.jpg/5fa2dd/ffffff
Madelle,McReynold,mmcreynoldj@dropbox.com,156-435-6622,TMdAemFDw,http://dummyimage.com/115x242.png/cc0000/ffffff
Christy,Mithun,cmithunk@telegraph.co.uk,405-612-1696,RA7NO4,http://dummyimage.com/167x127.bmp/cc0000/ffffff
Natividad,Wintle,nwintlel@quantcast.com,205-823-8593,yOoxOlTzL,http://dummyimage.com/133x133.png/cc0000/ffffff
Maris,Livingstone,mlivingstonem@1688.com,193-828-5488,FyLF2EGT,http://dummyimage.com/147x125.bmp/dddddd/000000
Dag,Doncaster,ddoncastern@wix.com,490-779-9214,5zLOmuR,http://dummyimage.com/177x109.jpg/5fa2dd/ffffff
Belinda,Veryard,bveryardo@wufoo.com,695-492-8657,Vli7HiYHo0,http://dummyimage.com/148x169.png/5fa2dd/ffffff
Hermine,Le Friec,hlefriecp@twitter.com,169-691-8145,LCsIhDa,http://dummyimage.com/144x141.bmp/dddddd/000000
Uri,Gurys,ugurysq@hp.com,437-657-6012,rQzemhP,http://dummyimage.com/131x131.bmp/dddddd/000000
Ferrell,Sterland,fsterlandr@privacy.gov.au,769-278-9391,md6D442cNyP,http://dummyimage.com/104x120.png/cc0000/ffffff
Hildegaard,Fagence,hfagences@flickr.com,938-261-1149,QNzHacAK4T,http://dummyimage.com/244x118.bmp/5fa2dd/ffffff
Emelia,Comerford,ecomerfordt@vistaprint.com,965-578-3655,d1Z4mPpntMS,http://dummyimage.com/249x217.bmp/cc0000/ffffff
Alexine,Almey,aalmeyu@yale.edu,834-304-3703,ZF9rskYTiz,http://dummyimage.com/100x250.bmp/cc0000/ffffff
Israel,Gash,igashv@cyberchimps.com,343-520-5743,hTQOc8U8ap7P,http://dummyimage.com/226x120.jpg/ff4444/ffffff
Aldridge,Kiddell,akiddellw@last.fm,699-557-5603,sqPY9cDQQ,http://dummyimage.com/210x107.jpg/ff4444/ffffff
Ibrahim,Jobke,ijobkex@gizmodo.com,314-846-5229,IqkjzuGf9Wep,http://dummyimage.com/158x198.bmp/ff4444/ffffff
Emerson,Magog,emagogy@cam.ac.uk,542-620-9519,Oq9jkq2UWDJ,http://dummyimage.com/165x221.jpg/5fa2dd/ffffff
Etan,Espley,eespleyz@nasa.gov,327-986-1023,dhBzqW18nm,http://dummyimage.com/182x161.png/cc0000/ffffff
Upton,Raubenheimer,uraubenheimer10@sbwire.com,131-633-4218,yY65exx6T,http://dummyimage.com/140x248.png/cc0000/ffffff
Jess,Mouth,jmouth11@google.fr,331-295-0829,OOJRPxlV,http://dummyimage.com/222x241.bmp/cc0000/ffffff
Ephrayim,Gyles,egyles12@ox.ac.uk,880-360-5801,s4z3bBp,http://dummyimage.com/218x114.png/ff4444/ffffff
Catharine,Grosvener,cgrosvener13@multiply.com,303-661-6344,oqpGM4,http://dummyimage.com/170x163.png/dddddd/000000
Tori,McLevie,tmclevie14@digg.com,824-896-3927,vBSQe0m,http://dummyimage.com/243x112.bmp/ff4444/ffffff
Ethan,Wormleighton,ewormleighton15@1688.com,447-290-5601,M9C1IrI,http://dummyimage.com/116x213.png/5fa2dd/ffffff
Meredithe,Fletcher,mfletcher16@netvibes.com,483-596-4871,EoTKwoyPdii,http://dummyimage.com/121x153.bmp/ff4444/ffffff
Horatius,Grimsley,hgrimsley17@cnn.com,582-189-1430,g0LCwhYN,http://dummyimage.com/213x207.png/5fa2dd/ffffff
Darryl,Blazewski,dblazewski18@so-net.ne.jp,898-278-0610,0OvpWc,http://dummyimage.com/113x161.jpg/5fa2dd/ffffff
Ogdan,Cosins,ocosins19@mit.edu,818-925-8844,5Kbk8kuFB34,http://dummyimage.com/192x157.jpg/cc0000/ffffff
Armin,Smiz,asmiz1a@foxnews.com,332-719-0593,lcj1KQH,http://dummyimage.com/219x144.jpg/5fa2dd/ffffff
Agnesse,Petegrew,apetegrew1b@desdev.cn,159-352-1244,aLLhvPZ,http://dummyimage.com/186x100.bmp/dddddd/000000
Viviana,Petersen,vpetersen1c@paginegialle.it,166-958-2216,sCZPZIcS,http://dummyimage.com/225x214.bmp/cc0000/ffffff
Iolande,Stickney,istickney1d@fema.gov,323-344-6291,vTNyS2GaI,http://dummyimage.com/117x226.png/cc0000/ffffff
Idette,Sturch,isturch1e@twitter.com,203-810-7121,bJDLzzJ4dns2,http://dummyimage.com/137x243.bmp/cc0000/ffffff
Horacio,Pawden,hpawden1f@dion.ne.jp,822-482-3601,ZcOSSi,http://dummyimage.com/170x182.bmp/5fa2dd/ffffff
Thurston,Stenning,tstenning1g@craigslist.org,653-102-1780,2KwDFxckP,http://dummyimage.com/124x134.png/cc0000/ffffff
Alonso,Lodder,alodder1h@slashdot.org,634-349-0793,h1ARs6n8K,http://dummyimage.com/242x168.png/cc0000/ffffff
Julissa,Dovington,jdovington1i@weather.com,613-956-5428,5U8cNM8,http://dummyimage.com/177x188.bmp/dddddd/000000
Shanan,Fontes,sfontes1j@wordpress.com,663-741-4314,mSb5mS,http://dummyimage.com/242x100.jpg/ff4444/ffffff
Batholomew,Niezen,bniezen1k@joomla.org,865-222-8273,IPQozqbGLS,http://dummyimage.com/130x122.png/dddddd/000000
Ardeen,Cromblehome,acromblehome1l@about.me,838-953-2486,27N1wYeOpD,http://dummyimage.com/218x236.jpg/5fa2dd/ffffff
Moreen,Pagitt,mpagitt1m@google.de,122-485-1997,crLxCnHdeSt,http://dummyimage.com/108x100.png/dddddd/000000
Guthrie,Anthill,ganthill1n@mapquest.com,697-909-9847,xzt7L9fuXiH,http://dummyimage.com/238x168.png/5fa2dd/ffffff
Sabina,Pellington,spellington1o@elegantthemes.com,482-506-3718,y6jOLTt1iAJc,http://dummyimage.com/135x169.bmp/cc0000/ffffff
Zane,Hartegan,zhartegan1p@ustream.tv,310-129-8393,X8b1dLFG,http://dummyimage.com/124x125.jpg/ff4444/ffffff
Pete,Crohan,pcrohan1q@dmoz.org,871-989-0645,O2Ww3uhD4,http://dummyimage.com/173x175.bmp/dddddd/000000
Maribelle,Fagg,mfagg1r@acquirethisname.com,251-684-0144,fd7KFVplj,http://dummyimage.com/249x109.bmp/ff4444/ffffff
Elene,Kemball,ekemball1s@samsung.com,801-247-4207,f4BNYKtIJ,http://dummyimage.com/221x115.jpg/5fa2dd/ffffff
Tod,Teers,tteers1t@hatena.ne.jp,944-197-0716,xVZjp5aW,http://dummyimage.com/139x165.png/dddddd/000000
Ellsworth,Oakenfall,eoakenfall1u@columbia.edu,799-567-2179,H3LSnYdpmSeI,http://dummyimage.com/226x154.png/dddddd/000000
Katie,Heller,kheller1v@51.la,664-849-8397,CLuz3y0wiga,http://dummyimage.com/124x248.bmp/cc0000/ffffff
Dannie,Jaffra,djaffra1w@ox.ac.uk,710-387-6000,UZfZLSfx,http://dummyimage.com/221x236.bmp/dddddd/000000
Andres,Mateo,amateo1x@spiegel.de,467-148-3795,99peIDFyd7iC,http://dummyimage.com/231x141.bmp/cc0000/ffffff
Geoffrey,Ricciardello,gricciardello1y@opensource.org,464-300-7490,ssgYobvftxX,http://dummyimage.com/222x176.jpg/5fa2dd/ffffff
Myca,Romney,mromney1z@chicagotribune.com,313-296-2392,LriZlUBwl,http://dummyimage.com/160x207.jpg/5fa2dd/ffffff
Marty,Cullon,mcullon20@earthlink.net,811-255-4324,3SVJUUyKtlMf,http://dummyimage.com/160x232.png/5fa2dd/ffffff
Mady,Couchman,mcouchman21@paypal.com,204-628-9013,fGtHQGumnhLz,http://dummyimage.com/237x223.bmp/5fa2dd/ffffff
Elwood,Bech,ebech22@parallels.com,194-873-2929,Zrajol,http://dummyimage.com/160x238.jpg/5fa2dd/ffffff
Evvie,Neate,eneate23@live.com,587-744-3924,BHZtfWorNPYe,http://dummyimage.com/166x220.bmp/ff4444/ffffff
Lian,Franies,lfranies24@pbs.org,433-320-8755,q1muziUVv4kI,http://dummyimage.com/193x233.jpg/dddddd/000000
Fulton,Fosdike,ffosdike25@networkadvertising.org,967-882-8044,ezHqL08q,http://dummyimage.com/137x149.png/ff4444/ffffff
Brunhilde,Chaman,bchaman26@sciencedaily.com,712-547-6869,XHIeqEZW,http://dummyimage.com/151x176.bmp/5fa2dd/ffffff
Frederic,Truckell,ftruckell27@twitpic.com,730-486-8305,0J7vuxSnC75,http://dummyimage.com/200x151.png/dddddd/000000
Rinaldo,Jurczik,rjurczik28@gizmodo.com,957-142-9123,mFaCXF9nvz,http://dummyimage.com/245x162.jpg/ff4444/ffffff
Leeland,Demko,ldemko29@zimbio.com,115-218-1307,F6n0eZ2Rw,http://dummyimage.com/127x169.jpg/cc0000/ffffff
Rozalin,Mylechreest,rmylechreest2a@diigo.com,159-380-6717,6USKrAqhV8Q,http://dummyimage.com/170x233.png/5fa2dd/ffffff
Meta,Jonathon,mjonathon2b@taobao.com,686-244-1183,Vcs22e,http://dummyimage.com/226x241.png/5fa2dd/ffffff
Ginnie,Grooby,ggrooby2c@behance.net,607-440-8959,i2hjkdCnR,http://dummyimage.com/108x225.png/dddddd/000000
Roxanne,Heyward,rheyward2d@cbsnews.com,964-282-3766,0Id6zE3b,http://dummyimage.com/149x156.jpg/cc0000/ffffff
Abigale,Ost,aost2e@google.com.br,645-142-4331,H9ckYejWh,http://dummyimage.com/183x102.bmp/cc0000/ffffff
Alfreda,Rizzotto,arizzotto2f@boston.com,417-933-4751,uMvJAr,http://dummyimage.com/235x223.png/cc0000/ffffff
Mikael,Dederich,mdederich2g@lulu.com,449-319-3203,REqgl9WQZC4,http://dummyimage.com/170x243.jpg/cc0000/ffffff
Tod,Beirne,tbeirne2h@indiegogo.com,220-284-2139,oxrllLY9,http://dummyimage.com/234x107.png/cc0000/ffffff
Desirae,Lambis,dlambis2i@alibaba.com,153-299-3162,h6nkRumQDX,http://dummyimage.com/112x140.jpg/cc0000/ffffff
Lyn,Falkinder,lfalkinder2j@tripadvisor.com,618-589-1781,8TpO17ErP,http://dummyimage.com/233x196.jpg/dddddd/000000
Giorgia,Kneaphsey,gkneaphsey2k@fotki.com,384-516-0879,Y828SqQND7DO,http://dummyimage.com/232x110.bmp/dddddd/000000
Marion,Roscher,mroscher2l@nymag.com,923-945-7778,crliVJ595DL,http://dummyimage.com/177x203.png/dddddd/000000
Roselin,McNeillie,rmcneillie2m@instagram.com,798-278-2878,Q9tCWxozmWlf,http://dummyimage.com/237x150.jpg/dddddd/000000
Vladamir,Paolotto,vpaolotto2n@uol.com.br,397-985-2549,2s0ktvax,http://dummyimage.com/164x107.bmp/cc0000/ffffff
Elga,Belfelt,ebelfelt2o@eepurl.com,260-598-2233,fI9ycE,http://dummyimage.com/131x184.bmp/cc0000/ffffff
Kipp,Spon,kspon2p@godaddy.com,649-747-8282,yedy3s5L,http://dummyimage.com/209x224.jpg/5fa2dd/ffffff
Shelagh,Dowd,sdowd2q@google.ca,734-318-7892,Yq8T5PM2o,http://dummyimage.com/178x143.png/dddddd/000000
Riccardo,Isitt,risitt2r@google.ca,292-898-3874,0PabTR7BJEC,http://dummyimage.com/203x166.bmp/ff4444/ffffff
